span_id,weak_label,paper_id
qasper_span_000000,macro,1909.00694
qasper_span_000001,macro,1909.00694
qasper_span_000002,macro,1909.00694
qasper_span_000003,macro,1909.00694
qasper_span_000004,meso,1909.00694
qasper_span_000005,micro,1909.00694
qasper_span_000006,micro,1909.00694
qasper_span_000007,micro,1909.00694
qasper_span_000008,micro,1909.00694
qasper_span_000009,micro,1909.00694
qasper_span_000010,micro,1909.00694
qasper_span_000011,meso,1909.00694
qasper_span_000012,micro,1909.00694
qasper_span_000013,micro,1909.00694
qasper_span_000014,micro,1909.00694
qasper_span_000015,macro,2003.07723
qasper_span_000016,macro,2003.07723
qasper_span_000017,macro,2003.07723
qasper_span_000018,macro,2003.07723
qasper_span_000019,macro,2003.07723
qasper_span_000020,macro,2003.07723
qasper_span_000021,macro,2003.07723
qasper_span_000022,macro,2003.07723
qasper_span_000023,micro,2003.07723
qasper_span_000024,micro,2003.07723
qasper_span_000025,micro,2003.07723
qasper_span_000026,micro,2003.07723
qasper_span_000027,micro,2003.07723
qasper_span_000028,micro,2003.07723
qasper_span_000029,micro,2003.07723
qasper_span_000030,meso,2003.07723
qasper_span_000031,micro,2003.07723
qasper_span_000032,micro,2003.07723
qasper_span_000033,micro,2003.07723
qasper_span_000034,macro,2003.07723
qasper_span_000035,macro,2003.07723
qasper_span_000036,macro,1705.09665
qasper_span_000037,macro,1705.09665
qasper_span_000038,macro,1705.09665
qasper_span_000039,macro,1705.09665
qasper_span_000040,macro,1705.09665
qasper_span_000041,macro,1705.09665
qasper_span_000042,macro,1705.09665
qasper_span_000043,macro,1705.09665
qasper_span_000044,macro,1705.09665
qasper_span_000045,macro,1705.09665
qasper_span_000046,macro,1705.09665
qasper_span_000047,macro,1705.09665
qasper_span_000048,macro,1705.09665
qasper_span_000049,macro,1908.06606
qasper_span_000050,macro,1908.06606
qasper_span_000051,macro,1908.06606
qasper_span_000052,macro,1908.06606
qasper_span_000053,macro,1908.06606
qasper_span_000054,macro,1908.06606
qasper_span_000055,micro,1908.06606
qasper_span_000056,micro,1908.06606
qasper_span_000057,meso,1908.06606
qasper_span_000058,micro,1908.06606
qasper_span_000059,micro,1908.06606
qasper_span_000060,meso,1908.06606
qasper_span_000061,meso,1908.06606
qasper_span_000062,micro,1908.06606
qasper_span_000063,micro,1908.06606
qasper_span_000064,micro,1908.06606
qasper_span_000065,meso,1908.06606
qasper_span_000066,micro,1908.06606
qasper_span_000067,micro,1908.06606
qasper_span_000068,meso,1908.06606
qasper_span_000069,micro,1908.06606
qasper_span_000070,micro,1908.06606
qasper_span_000071,micro,1908.06606
qasper_span_000072,micro,1908.06606
qasper_span_000073,micro,1908.06606
qasper_span_000074,macro,1908.06606
qasper_span_000075,macro,1811.00942
qasper_span_000076,macro,1811.00942
qasper_span_000077,macro,1811.00942
qasper_span_000078,macro,1811.00942
qasper_span_000079,macro,1811.00942
qasper_span_000080,macro,1811.00942
qasper_span_000081,macro,1811.00942
qasper_span_000082,meso,1811.00942
qasper_span_000083,micro,1811.00942
qasper_span_000084,micro,1811.00942
qasper_span_000085,micro,1811.00942
qasper_span_000086,meso,1811.00942
qasper_span_000087,micro,1811.00942
qasper_span_000088,micro,1811.00942
qasper_span_000089,micro,1811.00942
qasper_span_000090,micro,1811.00942
qasper_span_000091,macro,1811.00942
qasper_span_000092,macro,1805.024
qasper_span_000093,macro,1805.024
qasper_span_000094,macro,1805.024
qasper_span_000095,macro,1805.024
qasper_span_000096,macro,1805.024
qasper_span_000097,macro,1805.024
qasper_span_000098,meso,1805.024
qasper_span_000099,micro,1805.024
qasper_span_000100,micro,1805.024
qasper_span_000101,micro,1805.024
qasper_span_000102,micro,1805.024
qasper_span_000103,micro,1805.024
qasper_span_000104,micro,1805.024
qasper_span_000105,micro,1805.024
qasper_span_000106,micro,1805.024
qasper_span_000107,micro,1805.024
qasper_span_000108,micro,1805.024
qasper_span_000109,micro,1805.024
qasper_span_000110,micro,1805.024
qasper_span_000111,micro,1805.024
qasper_span_000112,micro,1805.024
qasper_span_000113,micro,1805.024
qasper_span_000114,micro,1805.024
qasper_span_000115,macro,1907.05664
qasper_span_000116,macro,1907.05664
qasper_span_000117,macro,1907.05664
qasper_span_000118,macro,1907.05664
qasper_span_000119,macro,1907.05664
qasper_span_000120,micro,1907.05664
qasper_span_000121,meso,1907.05664
qasper_span_000122,macro,1907.05664
qasper_span_000123,macro,1907.05664
qasper_span_000124,macro,1907.05664
qasper_span_000125,macro,1910.14497
qasper_span_000126,macro,1910.14497
qasper_span_000127,macro,1910.14497
qasper_span_000128,macro,1910.14497
qasper_span_000129,macro,1910.14497
qasper_span_000130,meso,1910.14497
qasper_span_000131,meso,1910.14497
qasper_span_000132,meso,1910.14497
qasper_span_000133,micro,1910.14497
qasper_span_000134,micro,1910.14497
qasper_span_000135,micro,1910.14497
qasper_span_000136,macro,1912.02481
qasper_span_000137,macro,1912.02481
qasper_span_000138,macro,1912.02481
qasper_span_000139,macro,1912.02481
qasper_span_000140,macro,1912.02481
qasper_span_000141,macro,1912.02481
qasper_span_000142,meso,1912.02481
qasper_span_000143,micro,1912.02481
qasper_span_000144,micro,1912.02481
qasper_span_000145,micro,1912.02481
qasper_span_000146,micro,1912.02481
qasper_span_000147,micro,1912.02481
qasper_span_000148,micro,1912.02481
qasper_span_000149,micro,1912.02481
qasper_span_000150,micro,1912.02481
qasper_span_000151,micro,1912.02481
qasper_span_000152,micro,1912.02481
qasper_span_000153,micro,1912.02481
qasper_span_000154,micro,1912.02481
qasper_span_000155,micro,1912.02481
qasper_span_000156,micro,1912.02481
qasper_span_000157,micro,1912.02481
qasper_span_000158,micro,1912.02481
qasper_span_000159,micro,1912.02481
qasper_span_000160,micro,1912.02481
qasper_span_000161,micro,1912.02481
qasper_span_000162,micro,1912.02481
qasper_span_000163,micro,1912.02481
qasper_span_000164,macro,1912.02481
qasper_span_000165,macro,1912.02481
qasper_span_000166,macro,1912.02481
qasper_span_000167,macro,1912.02481
qasper_span_000168,macro,1810.04528
qasper_span_000169,macro,1810.04528
qasper_span_000170,macro,1810.04528
qasper_span_000171,macro,1810.04528
qasper_span_000172,meso,1810.04528
qasper_span_000173,meso,1810.04528
qasper_span_000174,micro,1810.04528
qasper_span_000175,micro,1810.04528
qasper_span_000176,micro,1810.04528
qasper_span_000177,micro,1810.04528
qasper_span_000178,micro,1810.04528
qasper_span_000179,micro,1810.04528
qasper_span_000180,macro,2002.02224
qasper_span_000181,macro,2002.02224
qasper_span_000182,macro,2002.02224
qasper_span_000183,macro,2002.02224
qasper_span_000184,micro,2002.02224
qasper_span_000185,micro,2002.02224
qasper_span_000186,meso,2002.02224
qasper_span_000187,micro,2002.02224
qasper_span_000188,micro,2002.02224
qasper_span_000189,micro,2002.02224
qasper_span_000190,micro,2002.02224
qasper_span_000191,micro,2002.02224
qasper_span_000192,micro,2002.02224
qasper_span_000193,meso,2002.02224
qasper_span_000194,micro,2002.02224
qasper_span_000195,macro,2003.07433
qasper_span_000196,macro,2003.07433
qasper_span_000197,macro,2003.07433
qasper_span_000198,macro,2003.07433
qasper_span_000199,macro,2003.07433
qasper_span_000200,meso,2003.07433
qasper_span_000201,micro,2003.07433
qasper_span_000202,micro,2003.07433
qasper_span_000203,micro,2003.07433
qasper_span_000204,micro,2003.07433
qasper_span_000205,micro,2003.07433
qasper_span_000206,micro,2003.07433
qasper_span_000207,meso,2003.07433
qasper_span_000208,meso,2003.07433
qasper_span_000209,micro,2003.07433
qasper_span_000210,micro,2003.07433
qasper_span_000211,meso,2003.07433
qasper_span_000212,micro,2003.07433
qasper_span_000213,micro,2003.07433
qasper_span_000214,micro,2003.07433
qasper_span_000215,macro,2003.07433
qasper_span_000216,macro,2003.07433
qasper_span_000217,macro,2003.12218
qasper_span_000218,macro,2003.12218
qasper_span_000219,macro,2003.12218
qasper_span_000220,micro,2003.12218
qasper_span_000221,micro,2003.12218
qasper_span_000222,micro,2003.12218
qasper_span_000223,micro,2003.12218
qasper_span_000224,micro,2003.12218
qasper_span_000225,meso,2003.12218
qasper_span_000226,macro,2003.12218
qasper_span_000227,macro,1904.09678
qasper_span_000228,macro,1904.09678
qasper_span_000229,macro,1904.09678
qasper_span_000230,micro,1904.09678
qasper_span_000231,meso,1904.09678
qasper_span_000232,macro,1904.09678
qasper_span_000233,macro,2003.06651
qasper_span_000234,macro,2003.06651
qasper_span_000235,macro,2003.06651
qasper_span_000236,macro,2003.06651
qasper_span_000237,macro,2003.06651
qasper_span_000238,micro,2003.06651
qasper_span_000239,micro,2003.06651
qasper_span_000240,micro,2003.06651
qasper_span_000241,meso,2003.06651
qasper_span_000242,micro,2003.06651
qasper_span_000243,micro,2003.06651
qasper_span_000244,meso,2003.06651
qasper_span_000245,micro,2003.06651
qasper_span_000246,meso,2003.06651
qasper_span_000247,micro,2003.06651
qasper_span_000248,micro,2003.06651
qasper_span_000249,micro,2003.06651
qasper_span_000250,micro,2003.06651
qasper_span_000251,macro,2003.06651
qasper_span_000252,macro,2003.06651
qasper_span_000253,macro,1910.04269
qasper_span_000254,macro,1910.04269
qasper_span_000255,macro,1910.04269
qasper_span_000256,macro,1910.04269
qasper_span_000257,macro,1910.04269
qasper_span_000258,meso,1910.04269
qasper_span_000259,meso,1910.04269
qasper_span_000260,micro,1910.04269
qasper_span_000261,micro,1910.04269
qasper_span_000262,micro,1910.04269
qasper_span_000263,micro,1910.04269
qasper_span_000264,micro,1910.04269
qasper_span_000265,micro,1910.04269
qasper_span_000266,micro,1910.04269
qasper_span_000267,micro,1910.04269
qasper_span_000268,micro,1910.04269
qasper_span_000269,micro,1910.04269
qasper_span_000270,micro,1910.04269
qasper_span_000271,meso,1910.04269
qasper_span_000272,meso,1910.04269
qasper_span_000273,macro,1910.04269
qasper_span_000274,macro,1906.00378
qasper_span_000275,macro,1906.00378
qasper_span_000276,macro,1906.00378
qasper_span_000277,macro,1906.00378
qasper_span_000278,macro,1906.00378
qasper_span_000279,macro,1906.00378
qasper_span_000280,macro,1906.00378
qasper_span_000281,micro,1906.00378
qasper_span_000282,micro,1906.00378
qasper_span_000283,micro,1906.00378
qasper_span_000284,micro,1906.00378
qasper_span_000285,micro,1906.00378
qasper_span_000286,micro,1906.00378
qasper_span_000287,micro,1906.00378
qasper_span_000288,micro,1906.00378
qasper_span_000289,micro,1906.00378
qasper_span_000290,micro,1906.00378
qasper_span_000291,micro,1906.00378
qasper_span_000292,micro,1906.00378
qasper_span_000293,macro,1906.00378
qasper_span_000294,macro,1912.13072
qasper_span_000295,macro,1912.13072
qasper_span_000296,macro,1912.13072
qasper_span_000297,macro,1912.13072
qasper_span_000298,macro,1912.13072
qasper_span_000299,micro,1912.13072
qasper_span_000300,micro,1912.13072
qasper_span_000301,micro,1912.13072
qasper_span_000302,micro,1912.13072
qasper_span_000303,micro,1912.13072
qasper_span_000304,micro,1912.13072
qasper_span_000305,micro,1912.13072
qasper_span_000306,micro,1912.13072
qasper_span_000307,micro,1912.13072
qasper_span_000308,micro,1912.13072
qasper_span_000309,micro,1912.13072
qasper_span_000310,meso,1912.13072
qasper_span_000311,micro,1912.13072
qasper_span_000312,meso,1912.13072
qasper_span_000313,micro,1912.13072
qasper_span_000314,micro,1912.13072
qasper_span_000315,micro,1912.13072
qasper_span_000316,macro,1912.13072
qasper_span_000317,macro,1712.09127
qasper_span_000318,macro,1712.09127
qasper_span_000319,macro,1712.09127
qasper_span_000320,macro,1712.09127
qasper_span_000321,macro,1712.09127
qasper_span_000322,macro,1712.09127
qasper_span_000323,meso,1712.09127
qasper_span_000324,micro,1712.09127
qasper_span_000325,micro,1712.09127
qasper_span_000326,micro,1712.09127
qasper_span_000327,micro,1712.09127
qasper_span_000328,micro,1712.09127
qasper_span_000329,micro,1712.09127
qasper_span_000330,micro,1712.09127
qasper_span_000331,micro,1712.09127
qasper_span_000332,micro,1712.09127
qasper_span_000333,macro,1712.09127
qasper_span_000334,macro,2001.00137
qasper_span_000335,macro,2001.00137
qasper_span_000336,macro,2001.00137
qasper_span_000337,macro,2001.00137
qasper_span_000338,macro,2001.00137
qasper_span_000339,macro,2001.00137
qasper_span_000340,macro,2001.00137
qasper_span_000341,macro,2001.00137
qasper_span_000342,macro,2001.00137
qasper_span_000343,meso,2001.00137
qasper_span_000344,micro,2001.00137
qasper_span_000345,micro,2001.00137
qasper_span_000346,micro,2001.00137
qasper_span_000347,micro,2001.00137
qasper_span_000348,micro,2001.00137
qasper_span_000349,micro,2001.00137
qasper_span_000350,micro,2001.00137
qasper_span_000351,micro,2001.00137
qasper_span_000352,micro,2001.00137
qasper_span_000353,micro,2001.00137
qasper_span_000354,micro,2001.00137
qasper_span_000355,micro,2001.00137
qasper_span_000356,micro,2001.00137
qasper_span_000357,micro,2001.00137
qasper_span_000358,micro,2001.00137
qasper_span_000359,micro,2001.00137
qasper_span_000360,micro,2001.00137
qasper_span_000361,micro,2001.00137
qasper_span_000362,meso,2001.00137
qasper_span_000363,micro,2001.00137
qasper_span_000364,micro,2001.00137
qasper_span_000365,macro,2001.00137
qasper_span_000366,macro,2001.00137
qasper_span_000367,macro,1910.03042
qasper_span_000368,macro,1910.03042
qasper_span_000369,micro,1910.03042
qasper_span_000370,micro,1910.03042
qasper_span_000371,micro,1910.03042
qasper_span_000372,micro,1910.03042
qasper_span_000373,micro,1910.03042
qasper_span_000374,micro,1910.03042
qasper_span_000375,micro,1910.03042
qasper_span_000376,micro,1910.03042
qasper_span_000377,micro,1910.03042
qasper_span_000378,micro,1910.03042
qasper_span_000379,micro,1910.03042
qasper_span_000380,meso,1910.03042
qasper_span_000381,micro,1910.03042
qasper_span_000382,micro,1910.03042
qasper_span_000383,meso,1910.03042
qasper_span_000384,meso,1910.03042
qasper_span_000385,micro,1910.03042
qasper_span_000386,macro,1910.03042
qasper_span_000387,macro,2002.06644
qasper_span_000388,macro,2002.06644
qasper_span_000389,macro,2002.06644
qasper_span_000390,macro,2002.06644
qasper_span_000391,macro,2002.06644
qasper_span_000392,micro,2002.06644
qasper_span_000393,micro,2002.06644
qasper_span_000394,micro,2002.06644
qasper_span_000395,micro,2002.06644
qasper_span_000396,micro,2002.06644
qasper_span_000397,macro,2002.06644
qasper_span_000398,macro,1809.08731
qasper_span_000399,macro,1809.08731
qasper_span_000400,macro,1809.08731
qasper_span_000401,macro,1809.08731
qasper_span_000402,macro,1809.08731
qasper_span_000403,micro,1809.08731
qasper_span_000404,micro,1809.08731
qasper_span_000405,micro,1809.08731
qasper_span_000406,micro,1809.08731
qasper_span_000407,micro,1809.08731
qasper_span_000408,meso,1809.08731
qasper_span_000409,micro,1809.08731
qasper_span_000410,micro,1809.08731
qasper_span_000411,meso,1809.08731
qasper_span_000412,micro,1809.08731
qasper_span_000413,micro,1809.08731
qasper_span_000414,meso,1809.08731
qasper_span_000415,micro,1809.08731
qasper_span_000416,micro,1809.08731
qasper_span_000417,micro,1809.08731
qasper_span_000418,micro,1809.08731
qasper_span_000419,micro,1809.08731
qasper_span_000420,macro,1809.08731
qasper_span_000421,macro,1707.00995
qasper_span_000422,macro,1707.00995
qasper_span_000423,macro,1707.00995
qasper_span_000424,macro,1707.00995
qasper_span_000425,meso,1707.00995
qasper_span_000426,micro,1707.00995
qasper_span_000427,micro,1707.00995
qasper_span_000428,micro,1707.00995
qasper_span_000429,micro,1707.00995
qasper_span_000430,meso,1707.00995
qasper_span_000431,micro,1707.00995
qasper_span_000432,micro,1707.00995
qasper_span_000433,micro,1707.00995
qasper_span_000434,micro,1707.00995
qasper_span_000435,micro,1707.00995
qasper_span_000436,macro,1707.00995
qasper_span_000437,macro,1809.0496
qasper_span_000438,macro,1809.0496
qasper_span_000439,macro,1809.0496
qasper_span_000440,macro,1809.0496
qasper_span_000441,macro,1809.0496
qasper_span_000442,macro,1809.0496
qasper_span_000443,macro,1809.0496
qasper_span_000444,meso,1809.0496
qasper_span_000445,micro,1809.0496
qasper_span_000446,micro,1809.0496
qasper_span_000447,micro,1809.0496
qasper_span_000448,micro,1809.0496
qasper_span_000449,micro,1809.0496
qasper_span_000450,micro,1809.0496
qasper_span_000451,micro,1809.0496
qasper_span_000452,micro,1809.0496
qasper_span_000453,micro,1809.0496
qasper_span_000454,micro,1809.0496
qasper_span_000455,meso,1809.0496
qasper_span_000456,micro,1809.0496
qasper_span_000457,micro,1809.0496
qasper_span_000458,micro,1809.0496
qasper_span_000459,meso,1809.0496
qasper_span_000460,micro,1809.0496
qasper_span_000461,macro,1809.0496
qasper_span_000462,macro,1909.08402
qasper_span_000463,macro,1909.08402
qasper_span_000464,macro,1909.08402
qasper_span_000465,macro,1909.08402
qasper_span_000466,meso,1909.08402
qasper_span_000467,micro,1909.08402
qasper_span_000468,micro,1909.08402
qasper_span_000469,micro,1909.08402
qasper_span_000470,micro,1909.08402
qasper_span_000471,micro,1909.08402
qasper_span_000472,meso,1909.08402
qasper_span_000473,micro,1909.08402
qasper_span_000474,micro,1909.08402
qasper_span_000475,micro,1909.08402
qasper_span_000476,micro,1909.08402
qasper_span_000477,micro,1909.08402
qasper_span_000478,micro,1909.08402
qasper_span_000479,micro,1909.08402
qasper_span_000480,meso,1909.08402
qasper_span_000481,macro,1909.08402
qasper_span_000482,macro,1909.08402
qasper_span_000483,macro,1909.08402
qasper_span_000484,macro,1909.11189
qasper_span_000485,micro,1909.11189
qasper_span_000486,micro,1909.11189
qasper_span_000487,micro,1909.11189
qasper_span_000488,micro,1909.11189
qasper_span_000489,micro,1909.11189
qasper_span_000490,micro,1909.11189
qasper_span_000491,macro,1909.11189
qasper_span_000492,macro,1810.0532
qasper_span_000493,macro,1810.0532
qasper_span_000494,macro,1810.0532
qasper_span_000495,micro,1810.0532
qasper_span_000496,micro,1810.0532
qasper_span_000497,micro,1810.0532
qasper_span_000498,micro,1810.0532
qasper_span_000499,micro,1810.0532
qasper_span_000500,micro,1810.0532
qasper_span_000501,macro,1810.0532
qasper_span_000502,macro,1810.0532
qasper_span_000503,macro,2003.08529
qasper_span_000504,macro,2003.08529
qasper_span_000505,macro,2003.08529
qasper_span_000506,macro,2003.08529
qasper_span_000507,meso,2003.08529
qasper_span_000508,micro,2003.08529
qasper_span_000509,micro,2003.08529
qasper_span_000510,micro,2003.08529
qasper_span_000511,micro,2003.08529
qasper_span_000512,micro,2003.08529
qasper_span_000513,micro,2003.08529
qasper_span_000514,micro,2003.08529
qasper_span_000515,meso,2003.08529
qasper_span_000516,micro,2003.08529
qasper_span_000517,macro,2003.08529
qasper_span_000518,macro,1708.05873
qasper_span_000519,macro,1708.05873
qasper_span_000520,macro,1708.05873
qasper_span_000521,macro,1708.05873
qasper_span_000522,macro,1708.05873
qasper_span_000523,macro,1708.05873
qasper_span_000524,meso,1708.05873
qasper_span_000525,micro,1708.05873
qasper_span_000526,macro,1708.05873
qasper_span_000527,macro,2003.08553
qasper_span_000528,macro,2003.08553
qasper_span_000529,macro,2003.08553
qasper_span_000530,micro,2003.08553
qasper_span_000531,micro,2003.08553
qasper_span_000532,macro,1909.09491
qasper_span_000533,macro,1909.09491
qasper_span_000534,macro,1909.09491
qasper_span_000535,macro,1909.09491
qasper_span_000536,meso,1909.09491
qasper_span_000537,meso,1909.09491
qasper_span_000538,micro,1909.09491
qasper_span_000539,micro,1909.09491
qasper_span_000540,micro,1909.09491
qasper_span_000541,micro,1909.09491
qasper_span_000542,micro,1909.09491
qasper_span_000543,micro,1909.09491
qasper_span_000544,micro,1909.09491
qasper_span_000545,micro,1909.09491
qasper_span_000546,macro,2001.05284
qasper_span_000547,macro,2001.05284
qasper_span_000548,macro,2001.05284
qasper_span_000549,macro,2001.05284
qasper_span_000550,macro,2001.05284
qasper_span_000551,macro,2001.05284
qasper_span_000552,micro,2001.05284
qasper_span_000553,micro,2001.05284
qasper_span_000554,micro,2001.05284
qasper_span_000555,micro,2001.05284
qasper_span_000556,macro,2001.05284
qasper_span_000557,macro,1909.1214
qasper_span_000558,macro,1909.1214
qasper_span_000559,macro,1909.1214
qasper_span_000560,micro,1909.1214
qasper_span_000561,macro,1709.00947
qasper_span_000562,macro,1709.00947
qasper_span_000563,macro,1709.00947
qasper_span_000564,micro,1709.00947
qasper_span_000565,micro,1709.00947
qasper_span_000566,micro,1709.00947
qasper_span_000567,micro,1709.00947
qasper_span_000568,micro,1709.00947
qasper_span_000569,micro,1709.00947
qasper_span_000570,micro,1709.00947
qasper_span_000571,micro,1709.00947
qasper_span_000572,micro,1709.00947
qasper_span_000573,micro,1709.00947
qasper_span_000574,micro,1709.00947
qasper_span_000575,micro,1709.00947
qasper_span_000576,micro,1709.00947
qasper_span_000577,micro,1709.00947
qasper_span_000578,micro,1709.00947
qasper_span_000579,micro,1709.00947
qasper_span_000580,micro,1709.00947
qasper_span_000581,micro,1709.00947
qasper_span_000582,micro,1709.00947
qasper_span_000583,macro,1709.00947
qasper_span_000584,macro,1709.00947
qasper_span_000585,macro,1709.00947
qasper_span_000586,macro,1709.00947
qasper_span_000587,macro,1909.08859
qasper_span_000588,macro,1909.08859
qasper_span_000589,macro,1909.08859
qasper_span_000590,macro,1909.08859
qasper_span_000591,macro,1909.08859
qasper_span_000592,meso,1909.08859
qasper_span_000593,micro,1909.08859
qasper_span_000594,micro,1909.08859
qasper_span_000595,micro,1909.08859
qasper_span_000596,micro,1909.08859
qasper_span_000597,micro,1909.08859
qasper_span_000598,micro,1909.08859
qasper_span_000599,meso,1909.08859
qasper_span_000600,macro,1909.08859
qasper_span_000601,macro,1908.08419
qasper_span_000602,macro,1908.08419
qasper_span_000603,macro,1908.08419
qasper_span_000604,macro,1908.08419
qasper_span_000605,macro,1908.08419
qasper_span_000606,meso,1908.08419
qasper_span_000607,micro,1908.08419
qasper_span_000608,micro,1908.08419
qasper_span_000609,micro,1908.08419
qasper_span_000610,micro,1908.08419
qasper_span_000611,micro,1908.08419
qasper_span_000612,micro,1908.08419
qasper_span_000613,meso,1908.08419
qasper_span_000614,micro,1908.08419
qasper_span_000615,micro,1908.08419
qasper_span_000616,micro,1908.08419
qasper_span_000617,micro,1908.08419
qasper_span_000618,micro,1908.08419
qasper_span_000619,micro,1908.08419
qasper_span_000620,macro,1908.08419
qasper_span_000621,macro,1703.0526
qasper_span_000622,meso,1703.0526
qasper_span_000623,macro,1703.0526
qasper_span_000624,macro,1905.00563
qasper_span_000625,macro,1905.00563
qasper_span_000626,macro,1905.00563
qasper_span_000627,macro,1905.00563
qasper_span_000628,macro,1905.00563
qasper_span_000629,macro,1905.00563
qasper_span_000630,macro,1905.00563
qasper_span_000631,meso,1905.00563
qasper_span_000632,micro,1905.00563
qasper_span_000633,micro,1905.00563
qasper_span_000634,micro,1905.00563
qasper_span_000635,micro,1905.00563
qasper_span_000636,meso,1905.00563
qasper_span_000637,micro,1905.00563
qasper_span_000638,macro,1905.00563
qasper_span_000639,macro,1808.05902
qasper_span_000640,macro,1808.05902
qasper_span_000641,macro,1808.05902
qasper_span_000642,macro,1808.05902
qasper_span_000643,macro,1808.05902
qasper_span_000644,macro,1808.05902
qasper_span_000645,macro,1808.05902
qasper_span_000646,macro,1808.05902
qasper_span_000647,meso,1808.05902
qasper_span_000648,micro,1808.05902
qasper_span_000649,micro,1808.05902
qasper_span_000650,micro,1808.05902
qasper_span_000651,micro,1808.05902
qasper_span_000652,meso,1808.05902
qasper_span_000653,micro,1808.05902
qasper_span_000654,micro,1808.05902
qasper_span_000655,micro,1808.05902
qasper_span_000656,micro,1808.05902
qasper_span_000657,micro,1808.05902
qasper_span_000658,micro,1808.05902
qasper_span_000659,meso,1808.05902
qasper_span_000660,micro,1808.05902
qasper_span_000661,macro,1808.05902
qasper_span_000662,macro,1808.05902
qasper_span_000663,macro,2002.11893
qasper_span_000664,macro,2002.11893
qasper_span_000665,macro,2002.11893
qasper_span_000666,macro,2002.11893
qasper_span_000667,macro,2002.11893
qasper_span_000668,micro,2002.11893
qasper_span_000669,micro,2002.11893
qasper_span_000670,micro,2002.11893
qasper_span_000671,micro,2002.11893
qasper_span_000672,micro,2002.11893
qasper_span_000673,micro,2002.11893
qasper_span_000674,micro,2002.11893
qasper_span_000675,micro,2002.11893
qasper_span_000676,micro,2002.11893
qasper_span_000677,micro,2002.11893
qasper_span_000678,micro,2002.11893
qasper_span_000679,micro,2002.11893
qasper_span_000680,micro,2002.11893
qasper_span_000681,micro,2002.11893
qasper_span_000682,micro,2002.11893
qasper_span_000683,micro,2002.11893
qasper_span_000684,meso,2002.11893
qasper_span_000685,micro,2002.11893
qasper_span_000686,micro,2002.11893
qasper_span_000687,micro,2002.11893
qasper_span_000688,micro,2002.11893
qasper_span_000689,micro,2002.11893
qasper_span_000690,micro,2002.11893
qasper_span_000691,micro,2002.11893
qasper_span_000692,micro,2002.11893
qasper_span_000693,meso,2002.11893
qasper_span_000694,micro,2002.11893
qasper_span_000695,micro,2002.11893
qasper_span_000696,micro,2002.11893
qasper_span_000697,macro,2002.11893
qasper_span_000698,macro,1910.07181
qasper_span_000699,macro,1910.07181
qasper_span_000700,macro,1910.07181
qasper_span_000701,macro,1910.07181
qasper_span_000702,macro,1910.07181
qasper_span_000703,macro,1910.07181
qasper_span_000704,macro,1910.07181
qasper_span_000705,meso,1910.07181
qasper_span_000706,micro,1910.07181
qasper_span_000707,meso,1910.07181
qasper_span_000708,micro,1910.07181
qasper_span_000709,micro,1910.07181
qasper_span_000710,micro,1910.07181
qasper_span_000711,micro,1910.07181
qasper_span_000712,micro,1910.07181
qasper_span_000713,micro,1910.07181
qasper_span_000714,micro,1910.07181
qasper_span_000715,micro,1910.07181
qasper_span_000716,micro,1910.07181
qasper_span_000717,micro,1910.07181
qasper_span_000718,micro,1910.07181
qasper_span_000719,micro,1910.07181
qasper_span_000720,micro,1910.07181
qasper_span_000721,micro,1910.07181
qasper_span_000722,micro,1910.07181
qasper_span_000723,micro,1910.07181
qasper_span_000724,micro,1910.07181
qasper_span_000725,micro,1910.07181
qasper_span_000726,micro,1910.07181
qasper_span_000727,macro,1910.07181
qasper_span_000728,macro,1910.07181
qasper_span_000729,macro,1902.0033
qasper_span_000730,macro,1902.0033
qasper_span_000731,macro,1902.0033
qasper_span_000732,macro,1902.0033
qasper_span_000733,macro,1902.0033
qasper_span_000734,macro,1902.0033
qasper_span_000735,macro,1902.0033
qasper_span_000736,macro,1902.0033
qasper_span_000737,macro,1902.0033
qasper_span_000738,macro,1902.0033
qasper_span_000739,micro,1902.0033
qasper_span_000740,micro,1902.0033
qasper_span_000741,micro,1902.0033
qasper_span_000742,micro,1902.0033
qasper_span_000743,micro,1902.0033
qasper_span_000744,meso,1902.0033
qasper_span_000745,meso,1902.0033
qasper_span_000746,macro,1902.0033
qasper_span_000747,macro,1909.00542
qasper_span_000748,macro,1909.00542
qasper_span_000749,macro,1909.00542
qasper_span_000750,micro,1909.00542
qasper_span_000751,micro,1909.00542
qasper_span_000752,micro,1909.00542
qasper_span_000753,micro,1909.00542
qasper_span_000754,micro,1909.00542
qasper_span_000755,micro,1909.00542
qasper_span_000756,meso,1909.00542
qasper_span_000757,micro,1909.00542
qasper_span_000758,micro,1909.00542
qasper_span_000759,micro,1909.00542
qasper_span_000760,macro,1909.00542
qasper_span_000761,macro,1909.00542
qasper_span_000762,macro,1810.06743
qasper_span_000763,macro,1810.06743
qasper_span_000764,macro,1810.06743
qasper_span_000765,macro,1810.06743
qasper_span_000766,meso,1810.06743
qasper_span_000767,micro,1810.06743
qasper_span_000768,meso,1810.06743
qasper_span_000769,micro,1810.06743
qasper_span_000770,micro,1810.06743
qasper_span_000771,meso,1810.06743
qasper_span_000772,macro,1810.06743
qasper_span_000773,macro,1909.02764
qasper_span_000774,macro,1909.02764
qasper_span_000775,macro,1909.02764
qasper_span_000776,macro,1909.02764
qasper_span_000777,macro,1909.02764
qasper_span_000778,macro,1909.02764
qasper_span_000779,macro,1909.02764
qasper_span_000780,macro,1909.02764
qasper_span_000781,meso,1909.02764
qasper_span_000782,meso,1909.02764
qasper_span_000783,micro,1909.02764
qasper_span_000784,micro,1909.02764
qasper_span_000785,micro,1909.02764
qasper_span_000786,micro,1909.02764
qasper_span_000787,micro,1909.02764
qasper_span_000788,micro,1909.02764
qasper_span_000789,micro,1909.02764
qasper_span_000790,meso,1909.02764
qasper_span_000791,meso,1909.02764
qasper_span_000792,micro,1909.02764
qasper_span_000793,macro,1909.02764
qasper_span_000794,macro,1909.02764
qasper_span_000795,macro,1909.02764
qasper_span_000796,macro,1909.02764
qasper_span_000797,macro,1909.02764
qasper_span_000798,macro,1905.11901
qasper_span_000799,macro,1905.11901
qasper_span_000800,meso,1905.11901
qasper_span_000801,micro,1905.11901
qasper_span_000802,micro,1905.11901
qasper_span_000803,micro,1905.11901
qasper_span_000804,macro,1905.11901
qasper_span_000805,macro,1912.01252
qasper_span_000806,macro,1912.01252
qasper_span_000807,macro,1912.01252
qasper_span_000808,macro,1912.01252
qasper_span_000809,macro,1912.01252
qasper_span_000810,macro,1912.01252
qasper_span_000811,macro,1912.01252
qasper_span_000812,macro,1912.01252
qasper_span_000813,macro,1912.01252
qasper_span_000814,macro,1912.01252
qasper_span_000815,macro,1912.01252
qasper_span_000816,macro,1912.01252
qasper_span_000817,macro,1912.01252
qasper_span_000818,macro,1912.01252
qasper_span_000819,macro,1912.01252
qasper_span_000820,macro,1912.01252
qasper_span_000821,micro,1912.01252
qasper_span_000822,micro,1912.01252
qasper_span_000823,micro,1912.01252
qasper_span_000824,micro,1912.01252
qasper_span_000825,micro,1912.01252
qasper_span_000826,micro,1912.01252
qasper_span_000827,micro,1912.01252
qasper_span_000828,micro,1912.01252
qasper_span_000829,micro,1912.01252
qasper_span_000830,meso,1912.01252
qasper_span_000831,meso,1912.01252
qasper_span_000832,micro,1912.01252
qasper_span_000833,micro,1912.01252
qasper_span_000834,micro,1912.01252
qasper_span_000835,micro,1912.01252
qasper_span_000836,micro,1912.01252
qasper_span_000837,micro,1912.01252
qasper_span_000838,micro,1912.01252
qasper_span_000839,macro,1912.01252
qasper_span_000840,macro,1912.01252
qasper_span_000841,macro,1912.01252
qasper_span_000842,macro,1912.13109
qasper_span_000843,macro,1912.13109
qasper_span_000844,macro,1912.13109
qasper_span_000845,macro,1912.13109
qasper_span_000846,macro,1912.13109
qasper_span_000847,micro,1912.13109
qasper_span_000848,meso,1912.13109
qasper_span_000849,micro,1912.13109
qasper_span_000850,micro,1912.13109
qasper_span_000851,micro,1912.13109
qasper_span_000852,micro,1912.13109
qasper_span_000853,micro,1912.13109
qasper_span_000854,meso,1912.13109
qasper_span_000855,macro,1912.13109
qasper_span_000856,macro,1911.0331
qasper_span_000857,macro,1911.0331
qasper_span_000858,micro,1911.0331
qasper_span_000859,meso,1911.0331
qasper_span_000860,meso,1911.0331
qasper_span_000861,macro,1911.0331
qasper_span_000862,macro,1907.12108
qasper_span_000863,macro,1907.12108
qasper_span_000864,macro,1907.12108
qasper_span_000865,meso,1907.12108
qasper_span_000866,macro,1907.12108
qasper_span_000867,macro,2004.03685
qasper_span_000868,macro,2004.03685
qasper_span_000869,macro,2004.03685
qasper_span_000870,macro,2004.03685
qasper_span_000871,micro,2004.03685
qasper_span_000872,micro,2004.03685
qasper_span_000873,micro,2004.03685
qasper_span_000874,micro,2004.03685
qasper_span_000875,macro,1808.03894
qasper_span_000876,macro,1808.03894
qasper_span_000877,macro,1808.03894
qasper_span_000878,macro,1808.03894
qasper_span_000879,macro,1808.03894
qasper_span_000880,micro,1808.03894
qasper_span_000881,macro,1808.03894
qasper_span_000882,macro,1808.03894
qasper_span_000883,macro,1808.03894
qasper_span_000884,macro,1808.03894
qasper_span_000885,macro,1808.03894
qasper_span_000886,macro,1808.03894
qasper_span_000887,macro,1808.03894
qasper_span_000888,macro,1703.04617
qasper_span_000889,macro,1703.04617
qasper_span_000890,meso,1703.04617
qasper_span_000891,micro,1703.04617
qasper_span_000892,micro,1703.04617
qasper_span_000893,micro,1703.04617
qasper_span_000894,micro,1703.04617
qasper_span_000895,micro,1703.04617
qasper_span_000896,micro,1703.04617
qasper_span_000897,micro,1703.04617
qasper_span_000898,macro,1703.04617
qasper_span_000899,macro,1909.00578
qasper_span_000900,macro,1909.00578
qasper_span_000901,macro,1909.00578
qasper_span_000902,micro,1909.00578
qasper_span_000903,micro,1909.00578
qasper_span_000904,meso,1909.00578
qasper_span_000905,micro,1909.00578
qasper_span_000906,micro,1909.00578
qasper_span_000907,micro,1909.00578
qasper_span_000908,micro,1909.00578
qasper_span_000909,meso,1909.00578
qasper_span_000910,micro,1909.00578
qasper_span_000911,micro,1909.00578
qasper_span_000912,micro,1909.00578
qasper_span_000913,macro,1909.00578
qasper_span_000914,macro,1909.00578
qasper_span_000915,macro,1911.09419
qasper_span_000916,macro,1911.09419
qasper_span_000917,macro,1911.09419
qasper_span_000918,macro,1911.09419
qasper_span_000919,macro,1911.09419
qasper_span_000920,macro,1911.09419
qasper_span_000921,macro,1911.09419
qasper_span_000922,macro,1911.09419
qasper_span_000923,macro,1911.09419
qasper_span_000924,micro,1911.09419
qasper_span_000925,micro,1911.09419
qasper_span_000926,micro,1911.09419
qasper_span_000927,micro,1911.09419
qasper_span_000928,meso,1911.09419
qasper_span_000929,micro,1911.09419
qasper_span_000930,micro,1911.09419
qasper_span_000931,micro,1911.09419
qasper_span_000932,micro,1911.09419
qasper_span_000933,micro,1911.09419
qasper_span_000934,micro,1911.09419
qasper_span_000935,micro,1911.09419
qasper_span_000936,micro,1911.09419
qasper_span_000937,micro,1911.09419
qasper_span_000938,micro,1911.09419
qasper_span_000939,micro,1911.09419
qasper_span_000940,meso,1911.09419
qasper_span_000941,macro,1911.09419
qasper_span_000942,meso,1911.09419
qasper_span_000943,micro,1911.09419
qasper_span_000944,meso,1911.09419
qasper_span_000945,macro,1910.11471
qasper_span_000946,macro,1910.11471
qasper_span_000947,micro,1910.11471
qasper_span_000948,micro,1910.11471
qasper_span_000949,micro,1910.11471
qasper_span_000950,micro,1910.11471
qasper_span_000951,micro,1910.11471
qasper_span_000952,micro,1910.11471
qasper_span_000953,micro,1910.11471
qasper_span_000954,micro,1910.11471
qasper_span_000955,macro,1910.11471
qasper_span_000956,macro,1910.11471
qasper_span_000957,macro,1910.09399
qasper_span_000958,macro,1910.09399
qasper_span_000959,macro,1910.09399
qasper_span_000960,macro,1910.09399
qasper_span_000961,macro,1910.09399
qasper_span_000962,macro,1910.09399
qasper_span_000963,macro,1910.09399
qasper_span_000964,macro,1910.09399
qasper_span_000965,macro,1910.09399
qasper_span_000966,macro,1910.09399
qasper_span_000967,meso,1910.09399
qasper_span_000968,meso,1910.09399
qasper_span_000969,micro,1910.09399
qasper_span_000970,micro,1910.09399
qasper_span_000971,micro,1910.09399
qasper_span_000972,micro,1910.09399
qasper_span_000973,micro,1910.09399
qasper_span_000974,micro,1910.09399
qasper_span_000975,micro,1910.09399
qasper_span_000976,meso,1910.09399
qasper_span_000977,micro,1910.09399
qasper_span_000978,micro,1910.09399
qasper_span_000979,meso,1910.09399
qasper_span_000980,macro,1910.09399
qasper_span_000981,macro,1910.09399
qasper_span_000982,macro,1910.09399
qasper_span_000983,macro,1904.05584
qasper_span_000984,macro,1904.05584
qasper_span_000985,macro,1904.05584
qasper_span_000986,macro,1904.05584
qasper_span_000987,micro,1904.05584
qasper_span_000988,micro,1904.05584
qasper_span_000989,micro,1904.05584
qasper_span_000990,micro,1904.05584
qasper_span_000991,micro,1904.05584
qasper_span_000992,macro,1911.09886
qasper_span_000993,macro,1911.09886
qasper_span_000994,macro,1911.09886
qasper_span_000995,macro,1911.09886
qasper_span_000996,macro,1911.09886
qasper_span_000997,macro,1911.09886
qasper_span_000998,macro,1911.09886
qasper_span_000999,macro,1911.09886
qasper_span_001000,micro,1911.09886
qasper_span_001001,micro,1911.09886
qasper_span_001002,micro,1911.09886
qasper_span_001003,micro,1911.09886
qasper_span_001004,micro,1911.09886
qasper_span_001005,micro,1911.09886
qasper_span_001006,micro,1911.09886
qasper_span_001007,micro,1911.09886
qasper_span_001008,micro,1911.09886
qasper_span_001009,micro,1911.09886
qasper_span_001010,micro,1911.09886
qasper_span_001011,micro,1911.09886
qasper_span_001012,micro,1911.09886
qasper_span_001013,micro,1911.09886
qasper_span_001014,micro,1911.09886
qasper_span_001015,micro,1911.09886
qasper_span_001016,micro,1911.09886
qasper_span_001017,micro,1911.09886
qasper_span_001018,micro,1911.09886
qasper_span_001019,micro,1911.09886
qasper_span_001020,micro,1911.09886
qasper_span_001021,micro,1911.09886
qasper_span_001022,micro,1911.09886
qasper_span_001023,micro,1911.09886
qasper_span_001024,micro,1911.09886
qasper_span_001025,meso,1911.09886
qasper_span_001026,micro,1911.09886
qasper_span_001027,macro,1911.09886
qasper_span_001028,macro,1611.014
qasper_span_001029,macro,1611.014
qasper_span_001030,macro,1611.014
qasper_span_001031,macro,1611.014
qasper_span_001032,macro,1611.014
qasper_span_001033,macro,1611.014
qasper_span_001034,macro,1611.014
qasper_span_001035,macro,1611.014
qasper_span_001036,macro,1611.014
qasper_span_001037,macro,1611.014
qasper_span_001038,macro,1611.014
qasper_span_001039,micro,1611.014
qasper_span_001040,micro,1611.014
qasper_span_001041,micro,1611.014
qasper_span_001042,micro,1611.014
qasper_span_001043,micro,1611.014
qasper_span_001044,micro,1611.014
qasper_span_001045,micro,1611.014
qasper_span_001046,micro,1611.014
qasper_span_001047,meso,1611.014
qasper_span_001048,micro,1611.014
qasper_span_001049,micro,1611.014
qasper_span_001050,micro,1611.014
qasper_span_001051,micro,1611.014
qasper_span_001052,meso,1611.014
qasper_span_001053,macro,1808.05077
qasper_span_001054,macro,1808.05077
qasper_span_001055,macro,1808.05077
qasper_span_001056,macro,1808.05077
qasper_span_001057,micro,1808.05077
qasper_span_001058,micro,1808.05077
qasper_span_001059,micro,1808.05077
qasper_span_001060,micro,1808.05077
qasper_span_001061,macro,1808.05077
qasper_span_001062,macro,1807.03367
qasper_span_001063,macro,1807.03367
qasper_span_001064,macro,1807.03367
qasper_span_001065,macro,1807.03367
qasper_span_001066,macro,1807.03367
qasper_span_001067,macro,1807.03367
qasper_span_001068,macro,1807.03367
qasper_span_001069,micro,1807.03367
qasper_span_001070,micro,1807.03367
qasper_span_001071,micro,1807.03367
qasper_span_001072,meso,1807.03367
qasper_span_001073,meso,1807.03367
qasper_span_001074,meso,1807.03367
qasper_span_001075,micro,1807.03367
qasper_span_001076,macro,1807.03367
qasper_span_001077,micro,1807.03367
qasper_span_001078,meso,1807.03367
qasper_span_001079,micro,1807.03367
qasper_span_001080,micro,1807.03367
qasper_span_001081,macro,1907.0203
qasper_span_001082,macro,1907.0203
qasper_span_001083,macro,1907.0203
qasper_span_001084,macro,1907.0203
qasper_span_001085,macro,1907.0203
qasper_span_001086,meso,1907.0203
qasper_span_001087,micro,1907.0203
qasper_span_001088,micro,1907.0203
qasper_span_001089,micro,1907.0203
qasper_span_001090,micro,1907.0203
qasper_span_001091,micro,1907.0203
qasper_span_001092,micro,1907.0203
qasper_span_001093,micro,1907.0203
qasper_span_001094,macro,1910.04601
qasper_span_001095,macro,1910.04601
qasper_span_001096,macro,1910.04601
qasper_span_001097,macro,1910.04601
qasper_span_001098,macro,1910.04601
qasper_span_001099,macro,1910.04601
qasper_span_001100,micro,1910.04601
qasper_span_001101,micro,1910.04601
qasper_span_001102,micro,1910.04601
qasper_span_001103,micro,1910.04601
qasper_span_001104,micro,1910.04601
qasper_span_001105,micro,1910.04601
qasper_span_001106,micro,1910.04601
qasper_span_001107,micro,1910.04601
qasper_span_001108,micro,1910.04601
qasper_span_001109,micro,1910.04601
qasper_span_001110,micro,1910.04601
qasper_span_001111,micro,1910.04601
qasper_span_001112,micro,1910.04601
qasper_span_001113,micro,1910.04601
qasper_span_001114,micro,1910.04601
qasper_span_001115,micro,1910.04601
qasper_span_001116,meso,1910.04601
qasper_span_001117,micro,1910.04601
qasper_span_001118,micro,1910.04601
qasper_span_001119,macro,1910.04601
qasper_span_001120,macro,1912.05066
qasper_span_001121,macro,1912.05066
qasper_span_001122,macro,1912.05066
qasper_span_001123,macro,1912.05066
qasper_span_001124,macro,1912.05066
qasper_span_001125,macro,1912.05066
qasper_span_001126,macro,1912.05066
qasper_span_001127,macro,1912.05066
qasper_span_001128,macro,1912.05066
qasper_span_001129,micro,1912.05066
qasper_span_001130,micro,1912.05066
qasper_span_001131,micro,1912.05066
qasper_span_001132,micro,1912.05066
qasper_span_001133,micro,1912.05066
qasper_span_001134,micro,1912.05066
qasper_span_001135,micro,1912.05066
qasper_span_001136,micro,1912.05066
qasper_span_001137,micro,1912.05066
qasper_span_001138,micro,1912.05066
qasper_span_001139,micro,1912.05066
qasper_span_001140,micro,1912.05066
qasper_span_001141,meso,1912.05066
qasper_span_001142,micro,1912.05066
qasper_span_001143,micro,1912.05066
qasper_span_001144,micro,1912.05066
qasper_span_001145,micro,1912.05066
qasper_span_001146,micro,1912.05066
qasper_span_001147,micro,1912.05066
qasper_span_001148,micro,1912.05066
qasper_span_001149,micro,1912.05066
qasper_span_001150,micro,1912.05066
qasper_span_001151,meso,1912.05066
qasper_span_001152,micro,1912.05066
qasper_span_001153,micro,1912.05066
qasper_span_001154,meso,1912.05066
qasper_span_001155,meso,1912.05066
qasper_span_001156,meso,1912.05066
qasper_span_001157,micro,1912.05066
qasper_span_001158,meso,1912.05066
qasper_span_001159,micro,1912.05066
qasper_span_001160,macro,1912.05066
qasper_span_001161,macro,1910.03891
qasper_span_001162,macro,1910.03891
qasper_span_001163,macro,1910.03891
qasper_span_001164,macro,1910.03891
qasper_span_001165,macro,1910.03891
qasper_span_001166,macro,1910.03891
qasper_span_001167,macro,1910.03891
qasper_span_001168,macro,1910.03891
qasper_span_001169,macro,1910.03891
qasper_span_001170,meso,1910.03891
qasper_span_001171,meso,1910.03891
qasper_span_001172,micro,1910.03891
qasper_span_001173,meso,1910.03891
qasper_span_001174,micro,1910.03891
qasper_span_001175,micro,1910.03891
qasper_span_001176,micro,1910.03891
qasper_span_001177,micro,1910.03891
qasper_span_001178,micro,1910.03891
qasper_span_001179,micro,1910.03891
qasper_span_001180,micro,1910.03891
qasper_span_001181,micro,1910.03891
qasper_span_001182,micro,1910.03891
qasper_span_001183,micro,1910.03891
qasper_span_001184,micro,1910.03891
qasper_span_001185,macro,1910.03891
qasper_span_001186,macro,1610.00879
qasper_span_001187,macro,1610.00879
qasper_span_001188,macro,1610.00879
qasper_span_001189,meso,1610.00879
qasper_span_001190,micro,1610.00879
qasper_span_001191,micro,1610.00879
qasper_span_001192,micro,1610.00879
qasper_span_001193,micro,1610.00879
qasper_span_001194,micro,1610.00879
qasper_span_001195,macro,1610.00879
qasper_span_001196,macro,1704.05572
qasper_span_001197,macro,1704.05572
qasper_span_001198,macro,1704.05572
qasper_span_001199,macro,1704.05572
qasper_span_001200,macro,1704.05572
qasper_span_001201,micro,1704.05572
qasper_span_001202,micro,1704.05572
qasper_span_001203,meso,1704.05572
qasper_span_001204,micro,1704.05572
qasper_span_001205,micro,1704.05572
qasper_span_001206,macro,1704.05572
qasper_span_001207,micro,1704.05572
qasper_span_001208,macro,1804.10686
qasper_span_001209,macro,1804.10686
qasper_span_001210,macro,1804.10686
qasper_span_001211,micro,1804.10686
qasper_span_001212,micro,1804.10686
qasper_span_001213,micro,1804.10686
qasper_span_001214,micro,1804.10686
qasper_span_001215,meso,1804.10686
qasper_span_001216,micro,1804.10686
qasper_span_001217,macro,1804.10686
qasper_span_001218,macro,1707.03904
qasper_span_001219,macro,1707.03904
qasper_span_001220,macro,1707.03904
qasper_span_001221,macro,1707.03904
qasper_span_001222,macro,1707.03904
qasper_span_001223,macro,1707.03904
qasper_span_001224,macro,1707.03904
qasper_span_001225,macro,1707.03904
qasper_span_001226,macro,1707.03904
qasper_span_001227,macro,1707.03904
qasper_span_001228,micro,1707.03904
qasper_span_001229,micro,1707.03904
qasper_span_001230,micro,1707.03904
qasper_span_001231,meso,1707.03904
qasper_span_001232,micro,1707.03904
qasper_span_001233,micro,1707.03904
qasper_span_001234,macro,1707.03904
qasper_span_001235,meso,1707.03904
qasper_span_001236,macro,1911.07228
qasper_span_001237,macro,1911.07228
qasper_span_001238,meso,1911.07228
qasper_span_001239,micro,1911.07228
qasper_span_001240,micro,1911.07228
qasper_span_001241,micro,1911.07228
qasper_span_001242,micro,1911.07228
qasper_span_001243,micro,1911.07228
qasper_span_001244,micro,1911.07228
qasper_span_001245,meso,1911.07228
qasper_span_001246,macro,1603.07044
qasper_span_001247,macro,1603.07044
qasper_span_001248,macro,1603.07044
qasper_span_001249,macro,1603.07044
qasper_span_001250,macro,1603.07044
qasper_span_001251,meso,1603.07044
qasper_span_001252,micro,1603.07044
qasper_span_001253,micro,1603.07044
qasper_span_001254,micro,1603.07044
qasper_span_001255,micro,1603.07044
qasper_span_001256,micro,1603.07044
qasper_span_001257,meso,1603.07044
qasper_span_001258,meso,1603.07044
qasper_span_001259,micro,1603.07044
qasper_span_001260,macro,1603.07044
qasper_span_001261,macro,1902.09314
qasper_span_001262,macro,1902.09314
qasper_span_001263,macro,1902.09314
qasper_span_001264,macro,1902.09314
qasper_span_001265,macro,1902.09314
qasper_span_001266,micro,1902.09314
qasper_span_001267,micro,1902.09314
qasper_span_001268,meso,1902.09314
qasper_span_001269,micro,1902.09314
qasper_span_001270,micro,1902.09314
qasper_span_001271,meso,1902.09314
qasper_span_001272,micro,1902.09314
qasper_span_001273,macro,1902.09314
qasper_span_001274,macro,1904.03339
qasper_span_001275,macro,1904.03339
qasper_span_001276,macro,1904.03339
qasper_span_001277,macro,1904.03339
qasper_span_001278,macro,1904.03339
qasper_span_001279,macro,1910.11769
qasper_span_001280,macro,1910.11769
qasper_span_001281,micro,1910.11769
qasper_span_001282,micro,1910.11769
qasper_span_001283,macro,1702.06378
qasper_span_001284,macro,1702.06378
qasper_span_001285,macro,1702.06378
qasper_span_001286,macro,1702.06378
qasper_span_001287,macro,1702.06378
qasper_span_001288,macro,1702.06378
qasper_span_001289,micro,1702.06378
qasper_span_001290,micro,1702.06378
qasper_span_001291,micro,1702.06378
qasper_span_001292,micro,1702.06378
qasper_span_001293,meso,1702.06378
qasper_span_001294,micro,1702.06378
qasper_span_001295,macro,1702.06378
qasper_span_001296,macro,1903.03467
qasper_span_001297,macro,1903.03467
qasper_span_001298,macro,1903.03467
qasper_span_001299,macro,1903.03467
qasper_span_001300,macro,1903.03467
qasper_span_001301,macro,1903.03467
qasper_span_001302,meso,1903.03467
qasper_span_001303,micro,1903.03467
qasper_span_001304,meso,1903.03467
qasper_span_001305,micro,1903.03467
qasper_span_001306,meso,1903.03467
qasper_span_001307,micro,1903.03467
qasper_span_001308,micro,1903.03467
qasper_span_001309,micro,1903.03467
qasper_span_001310,micro,1903.03467
qasper_span_001311,meso,1903.03467
qasper_span_001312,macro,1903.03467
qasper_span_001313,macro,1807.00868
qasper_span_001314,macro,1807.00868
qasper_span_001315,macro,1807.00868
qasper_span_001316,macro,1807.00868
qasper_span_001317,macro,1807.00868
qasper_span_001318,macro,1807.00868
qasper_span_001319,macro,1807.00868
qasper_span_001320,micro,1807.00868
qasper_span_001321,macro,1807.00868
qasper_span_001322,macro,1909.13375
qasper_span_001323,macro,1909.13375
qasper_span_001324,macro,1909.13375
qasper_span_001325,macro,1909.13375
qasper_span_001326,meso,1909.13375
qasper_span_001327,micro,1909.13375
qasper_span_001328,micro,1909.13375
qasper_span_001329,micro,1909.13375
qasper_span_001330,micro,1909.13375
qasper_span_001331,micro,1909.13375
qasper_span_001332,micro,1909.13375
qasper_span_001333,micro,1909.13375
qasper_span_001334,micro,1909.13375
qasper_span_001335,meso,1909.13375
qasper_span_001336,meso,1909.13375
qasper_span_001337,micro,1909.13375
qasper_span_001338,micro,1909.13375
qasper_span_001339,micro,1909.13375
qasper_span_001340,micro,1909.13375
qasper_span_001341,micro,1909.13375
qasper_span_001342,micro,1909.13375
qasper_span_001343,micro,1909.13375
qasper_span_001344,micro,1909.13375
qasper_span_001345,micro,1909.13375
qasper_span_001346,micro,1909.13375
qasper_span_001347,macro,1909.13375
qasper_span_001348,macro,1909.0043
qasper_span_001349,macro,1909.0043
qasper_span_001350,macro,1909.0043
qasper_span_001351,macro,1909.0043
qasper_span_001352,macro,1909.0043
qasper_span_001353,micro,1909.0043
qasper_span_001354,micro,1909.0043
qasper_span_001355,micro,1909.0043
qasper_span_001356,micro,1909.0043
qasper_span_001357,micro,1909.0043
qasper_span_001358,micro,1909.0043
qasper_span_001359,micro,1909.0043
qasper_span_001360,micro,1909.0043
qasper_span_001361,micro,1909.0043
qasper_span_001362,micro,1909.0043
qasper_span_001363,meso,1909.0043
qasper_span_001364,macro,1910.11493
qasper_span_001365,macro,1910.11493
qasper_span_001366,macro,1910.11493
qasper_span_001367,micro,1910.11493
qasper_span_001368,micro,1910.11493
qasper_span_001369,micro,1910.11493
qasper_span_001370,micro,1910.11493
qasper_span_001371,micro,1910.11493
qasper_span_001372,micro,1910.11493
qasper_span_001373,micro,1910.11493
qasper_span_001374,micro,1910.11493
qasper_span_001375,micro,1910.11493
qasper_span_001376,macro,1910.11493
qasper_span_001377,macro,1910.00912
qasper_span_001378,macro,1910.00912
qasper_span_001379,macro,1910.00912
qasper_span_001380,macro,1910.00912
qasper_span_001381,macro,1910.00912
qasper_span_001382,macro,1910.00912
qasper_span_001383,macro,1910.00912
qasper_span_001384,meso,1910.00912
qasper_span_001385,micro,1910.00912
qasper_span_001386,micro,1910.00912
qasper_span_001387,micro,1910.00912
qasper_span_001388,micro,1910.00912
qasper_span_001389,micro,1910.00912
qasper_span_001390,micro,1910.00912
qasper_span_001391,micro,1910.00912
qasper_span_001392,micro,1910.00912
qasper_span_001393,micro,1910.00912
qasper_span_001394,micro,1910.00912
qasper_span_001395,micro,1910.00912
qasper_span_001396,micro,1910.00912
qasper_span_001397,micro,1910.00912
qasper_span_001398,micro,1910.00912
qasper_span_001399,micro,1910.00912
qasper_span_001400,micro,1910.00912
qasper_span_001401,micro,1910.00912
qasper_span_001402,meso,1910.00912
qasper_span_001403,micro,1910.00912
qasper_span_001404,micro,1910.00912
qasper_span_001405,micro,1910.00912
qasper_span_001406,macro,1910.00912
qasper_span_001407,macro,1908.10449
qasper_span_001408,macro,1908.10449
qasper_span_001409,macro,1908.10449
qasper_span_001410,macro,1908.10449
qasper_span_001411,micro,1908.10449
qasper_span_001412,micro,1908.10449
qasper_span_001413,micro,1908.10449
qasper_span_001414,micro,1908.10449
qasper_span_001415,micro,1908.10449
qasper_span_001416,micro,1908.10449
qasper_span_001417,micro,1908.10449
qasper_span_001418,micro,1908.10449
qasper_span_001419,micro,1908.10449
qasper_span_001420,micro,1908.10449
qasper_span_001421,micro,1908.10449
qasper_span_001422,micro,1908.10449
qasper_span_001423,meso,1908.10449
qasper_span_001424,macro,1910.03814
qasper_span_001425,macro,1910.03814
qasper_span_001426,macro,1910.03814
qasper_span_001427,macro,1910.03814
qasper_span_001428,meso,1910.03814
qasper_span_001429,meso,1910.03814
qasper_span_001430,micro,1910.03814
qasper_span_001431,micro,1910.03814
qasper_span_001432,micro,1910.03814
qasper_span_001433,micro,1910.03814
qasper_span_001434,micro,1910.03814
qasper_span_001435,micro,1910.03814
qasper_span_001436,micro,1910.03814
qasper_span_001437,micro,1910.03814
qasper_span_001438,micro,1910.03814
qasper_span_001439,micro,1910.03814
qasper_span_001440,micro,1910.03814
qasper_span_001441,micro,1910.03814
qasper_span_001442,micro,1910.03814
qasper_span_001443,micro,1910.03814
qasper_span_001444,micro,1910.03814
qasper_span_001445,micro,1910.03814
qasper_span_001446,meso,1910.03814
qasper_span_001447,micro,1910.03814
qasper_span_001448,micro,1910.03814
qasper_span_001449,micro,1910.03814
qasper_span_001450,macro,1910.03814
qasper_span_001451,macro,1701.00185
qasper_span_001452,macro,1701.00185
qasper_span_001453,macro,1701.00185
qasper_span_001454,macro,1701.00185
qasper_span_001455,macro,1701.00185
qasper_span_001456,macro,1701.00185
qasper_span_001457,micro,1701.00185
qasper_span_001458,micro,1701.00185
qasper_span_001459,micro,1701.00185
qasper_span_001460,meso,1701.00185
qasper_span_001461,micro,1701.00185
qasper_span_001462,micro,1701.00185
qasper_span_001463,micro,1701.00185
qasper_span_001464,micro,1701.00185
qasper_span_001465,micro,1701.00185
qasper_span_001466,micro,1701.00185
qasper_span_001467,micro,1701.00185
qasper_span_001468,micro,1701.00185
qasper_span_001469,micro,1701.00185
qasper_span_001470,macro,1701.00185
qasper_span_001471,macro,1912.00871
qasper_span_001472,macro,1912.00871
qasper_span_001473,macro,1912.00871
qasper_span_001474,macro,1912.00871
qasper_span_001475,macro,1912.00871
qasper_span_001476,macro,1912.00871
qasper_span_001477,macro,1912.00871
qasper_span_001478,meso,1912.00871
qasper_span_001479,meso,1912.00871
qasper_span_001480,micro,1912.00871
qasper_span_001481,micro,1912.00871
qasper_span_001482,meso,1912.00871
qasper_span_001483,micro,1912.00871
qasper_span_001484,micro,1912.00871
qasper_span_001485,micro,1912.00871
qasper_span_001486,micro,1912.00871
qasper_span_001487,micro,1912.00871
qasper_span_001488,micro,1912.00871
qasper_span_001489,micro,1912.00871
qasper_span_001490,micro,1912.00871
qasper_span_001491,micro,1912.00871
qasper_span_001492,micro,1912.00871
qasper_span_001493,meso,1912.00871
qasper_span_001494,micro,1912.00871
qasper_span_001495,macro,1912.00871
qasper_span_001496,macro,1912.03234
qasper_span_001497,macro,1912.03234
qasper_span_001498,macro,1912.03234
qasper_span_001499,macro,1912.03234
qasper_span_001500,macro,1912.03234
qasper_span_001501,micro,1912.03234
qasper_span_001502,micro,1912.03234
qasper_span_001503,meso,1912.03234
qasper_span_001504,micro,1912.03234
qasper_span_001505,micro,1912.03234
qasper_span_001506,micro,1912.03234
qasper_span_001507,meso,1912.03234
qasper_span_001508,micro,1912.03234
qasper_span_001509,micro,1912.03234
qasper_span_001510,micro,1912.03234
qasper_span_001511,micro,1912.03234
qasper_span_001512,meso,1912.03234
qasper_span_001513,micro,1912.03234
qasper_span_001514,micro,1912.03234
qasper_span_001515,macro,1912.03234
qasper_span_001516,macro,1911.1175
qasper_span_001517,macro,1911.1175
qasper_span_001518,macro,1911.1175
qasper_span_001519,macro,1911.1175
qasper_span_001520,macro,1911.1175
qasper_span_001521,micro,1911.1175
qasper_span_001522,micro,1911.1175
qasper_span_001523,micro,1911.1175
qasper_span_001524,macro,1911.1175
qasper_span_001525,macro,1911.1175
qasper_span_001526,macro,1911.03894
qasper_span_001527,macro,1911.03894
qasper_span_001528,macro,1911.03894
qasper_span_001529,macro,1911.03894
qasper_span_001530,meso,1911.03894
qasper_span_001531,meso,1911.03894
qasper_span_001532,micro,1911.03894
qasper_span_001533,micro,1911.03894
qasper_span_001534,micro,1911.03894
qasper_span_001535,micro,1911.03894
qasper_span_001536,micro,1911.03894
qasper_span_001537,micro,1911.03894
qasper_span_001538,micro,1911.03894
qasper_span_001539,micro,1911.03894
qasper_span_001540,micro,1911.03894
qasper_span_001541,micro,1911.03894
qasper_span_001542,micro,1911.03894
qasper_span_001543,micro,1911.03894
qasper_span_001544,micro,1911.03894
qasper_span_001545,micro,1911.03894
qasper_span_001546,meso,1911.03894
qasper_span_001547,meso,1911.03894
qasper_span_001548,macro,1911.03894
qasper_span_001549,macro,2001.09899
qasper_span_001550,macro,2001.09899
qasper_span_001551,macro,2001.09899
qasper_span_001552,macro,2001.09899
qasper_span_001553,macro,2001.09899
qasper_span_001554,macro,2001.09899
qasper_span_001555,macro,2001.09899
qasper_span_001556,meso,2001.09899
qasper_span_001557,micro,2001.09899
qasper_span_001558,micro,2001.09899
qasper_span_001559,micro,2001.09899
qasper_span_001560,micro,2001.09899
qasper_span_001561,micro,2001.09899
qasper_span_001562,micro,2001.09899
qasper_span_001563,micro,2001.09899
qasper_span_001564,micro,2001.09899
qasper_span_001565,micro,2001.09899
qasper_span_001566,micro,2001.09899
qasper_span_001567,micro,2001.09899
qasper_span_001568,micro,2001.09899
qasper_span_001569,micro,2001.09899
qasper_span_001570,micro,2001.09899
qasper_span_001571,micro,2001.09899
qasper_span_001572,micro,2001.09899
qasper_span_001573,micro,2001.09899
qasper_span_001574,micro,2001.09899
qasper_span_001575,micro,2001.09899
qasper_span_001576,micro,2001.09899
qasper_span_001577,micro,2001.09899
qasper_span_001578,micro,2001.09899
qasper_span_001579,micro,2001.09899
qasper_span_001580,micro,2001.09899
qasper_span_001581,micro,2001.09899
qasper_span_001582,micro,2001.09899
qasper_span_001583,meso,2001.09899
qasper_span_001584,macro,2001.09899
qasper_span_001585,macro,2001.09899
qasper_span_001586,macro,2001.09899
qasper_span_001587,macro,1710.01492
qasper_span_001588,macro,1710.01492
qasper_span_001589,macro,1710.01492
qasper_span_001590,macro,1710.01492
qasper_span_001591,macro,1710.01492
qasper_span_001592,macro,1710.01492
qasper_span_001593,macro,1912.01673
qasper_span_001594,macro,1912.01673
qasper_span_001595,macro,1912.01673
qasper_span_001596,macro,1912.01673
qasper_span_001597,meso,1912.01673
qasper_span_001598,micro,1912.01673
qasper_span_001599,micro,1912.01673
qasper_span_001600,micro,1912.01673
qasper_span_001601,micro,1912.01673
qasper_span_001602,macro,1912.01673
qasper_span_001603,macro,1909.12231
qasper_span_001604,macro,1909.12231
qasper_span_001605,macro,1909.12231
qasper_span_001606,macro,1909.12231
qasper_span_001607,macro,1909.12231
qasper_span_001608,macro,1909.12231
qasper_span_001609,micro,1909.12231
qasper_span_001610,micro,1909.12231
qasper_span_001611,micro,1909.12231
qasper_span_001612,micro,1909.12231
qasper_span_001613,micro,1909.12231
qasper_span_001614,micro,1909.12231
qasper_span_001615,micro,1909.12231
qasper_span_001616,macro,1909.12231
qasper_span_001617,macro,1909.12231
qasper_span_001618,micro,1909.12231
qasper_span_001619,micro,1909.12231
qasper_span_001620,micro,1909.12231
qasper_span_001621,micro,1909.12231
qasper_span_001622,micro,1909.12231
qasper_span_001623,micro,1909.12231
qasper_span_001624,micro,1909.12231
qasper_span_001625,micro,1909.12231
qasper_span_001626,micro,1909.12231
qasper_span_001627,micro,1909.12231
qasper_span_001628,meso,1909.12231
qasper_span_001629,micro,1909.12231
qasper_span_001630,micro,1909.12231
qasper_span_001631,meso,1909.12231
qasper_span_001632,macro,1909.12231
qasper_span_001633,macro,1706.08032
qasper_span_001634,macro,1706.08032
qasper_span_001635,macro,1706.08032
qasper_span_001636,macro,1706.08032
qasper_span_001637,micro,1706.08032
qasper_span_001638,micro,1706.08032
qasper_span_001639,micro,1706.08032
qasper_span_001640,meso,1706.08032
qasper_span_001641,micro,1706.08032
qasper_span_001642,meso,1706.08032
qasper_span_001643,micro,1706.08032
qasper_span_001644,macro,1706.08032
qasper_span_001645,macro,1811.01399
qasper_span_001646,macro,1811.01399
qasper_span_001647,macro,1811.01399
qasper_span_001648,macro,1811.01399
qasper_span_001649,macro,1811.01399
qasper_span_001650,macro,1811.01399
qasper_span_001651,meso,1811.01399
qasper_span_001652,meso,1811.01399
qasper_span_001653,micro,1811.01399
qasper_span_001654,micro,1811.01399
qasper_span_001655,micro,1811.01399
qasper_span_001656,micro,1811.01399
qasper_span_001657,micro,1811.01399
qasper_span_001658,meso,1811.01399
qasper_span_001659,micro,1811.01399
qasper_span_001660,meso,1811.01399
qasper_span_001661,micro,1811.01399
qasper_span_001662,micro,1811.01399
qasper_span_001663,micro,1811.01399
qasper_span_001664,micro,1811.01399
qasper_span_001665,macro,1811.01399
qasper_span_001666,macro,1909.00124
qasper_span_001667,macro,1909.00124
qasper_span_001668,macro,1909.00124
qasper_span_001669,macro,1909.00124
qasper_span_001670,macro,1909.00124
qasper_span_001671,macro,1909.00124
qasper_span_001672,micro,1909.00124
qasper_span_001673,micro,1909.00124
qasper_span_001674,micro,1909.00124
qasper_span_001675,micro,1909.00124
qasper_span_001676,micro,1909.00124
qasper_span_001677,micro,1909.00124
qasper_span_001678,micro,1909.00124
qasper_span_001679,micro,1909.00124
qasper_span_001680,micro,1909.00124
qasper_span_001681,micro,1909.00124
qasper_span_001682,micro,1909.00124
qasper_span_001683,micro,1909.00124
qasper_span_001684,macro,1909.00124
qasper_span_001685,macro,1909.00088
qasper_span_001686,macro,1909.00088
qasper_span_001687,macro,1909.00088
qasper_span_001688,macro,1909.00088
qasper_span_001689,macro,1909.00088
qasper_span_001690,macro,1909.00088
qasper_span_001691,meso,1909.00088
qasper_span_001692,meso,1909.00088
qasper_span_001693,micro,1909.00088
qasper_span_001694,micro,1909.00088
qasper_span_001695,micro,1909.00088
qasper_span_001696,micro,1909.00088
qasper_span_001697,micro,1909.00088
qasper_span_001698,micro,1909.00088
qasper_span_001699,micro,1909.00088
qasper_span_001700,micro,1909.00088
qasper_span_001701,micro,1909.00088
qasper_span_001702,micro,1909.00088
qasper_span_001703,micro,1909.00088
qasper_span_001704,micro,1909.00088
qasper_span_001705,micro,1909.00088
qasper_span_001706,meso,1909.00088
qasper_span_001707,micro,1909.00088
qasper_span_001708,meso,1909.00088
qasper_span_001709,micro,1909.00088
qasper_span_001710,macro,1909.00088
qasper_span_001711,macro,1911.01799
qasper_span_001712,macro,1911.01799
qasper_span_001713,macro,1911.01799
qasper_span_001714,macro,1911.01799
qasper_span_001715,macro,1911.01799
qasper_span_001716,macro,1911.01799
qasper_span_001717,micro,1911.01799
qasper_span_001718,micro,1911.01799
qasper_span_001719,micro,1911.01799
qasper_span_001720,micro,1911.01799
qasper_span_001721,micro,1911.01799
qasper_span_001722,micro,1911.01799
qasper_span_001723,micro,1911.01799
qasper_span_001724,micro,1911.01799
qasper_span_001725,micro,1911.01799
qasper_span_001726,micro,1911.01799
qasper_span_001727,micro,1911.01799
qasper_span_001728,macro,1911.01799
qasper_span_001729,macro,1812.06705
qasper_span_001730,macro,1812.06705
qasper_span_001731,macro,1812.06705
qasper_span_001732,macro,1812.06705
qasper_span_001733,macro,1812.06705
qasper_span_001734,macro,1812.06705
qasper_span_001735,meso,1812.06705
qasper_span_001736,micro,1812.06705
qasper_span_001737,micro,1812.06705
qasper_span_001738,micro,1812.06705
qasper_span_001739,micro,1812.06705
qasper_span_001740,macro,1812.06705
